{
  "target_domain": "雨天",
  "repeat": 2,
  "seed": 1,
  "best_epoch_by_f1": 2,
  "best_f1_value": 0.10204081632653061,
  "best_epoch_metrics": {
    "acc": 0.19230769230769232,
    "precision": 0.07936507936507937,
    "recall": 0.14285714285714285,
    "f1": 0.10204081632653061,
    "loss": 2.5424283834604116
  },
  "best_acc": 0.2692307692307692,
  "best_acc_epoch": 3,
  "best_precision": 0.07936507936507937,
  "best_precision_epoch": 2,
  "best_recall": 0.16666666666666666,
  "best_recall_epoch": 1,
  "best_f1": 0.10204081632653061,
  "best_f1_epoch": 2
}