{
  "target_domain": "逆光",
  "repeat": 4,
  "seed": 3,
  "best_epoch_by_f1": 2,
  "best_f1_value": 0.07436204146730462,
  "best_epoch_metrics": {
    "acc": 0.16216216216216217,
    "precision": 0.07348484848484849,
    "recall": 0.07638888888888888,
    "f1": 0.07436204146730462,
    "loss": 2.578866501112242
  },
  "best_acc": 0.16216216216216217,
  "best_acc_epoch": 1,
  "best_precision": 0.07348484848484849,
  "best_precision_epoch": 2,
  "best_recall": 0.1111111111111111,
  "best_recall_epoch": 6,
  "best_f1": 0.07436204146730462,
  "best_f1_epoch": 2
}