{
  "target_domain": "逆光",
  "repeat": 5,
  "seed": 4,
  "best_epoch_by_f1": 3,
  "best_f1_value": 0.053475935828877004,
  "best_epoch_metrics": {
    "acc": 0.13513513513513514,
    "precision": 0.04132231404958678,
    "recall": 0.07575757575757576,
    "f1": 0.053475935828877004,
    "loss": 31.383299956450593
  },
  "best_acc": 0.16216216216216217,
  "best_acc_epoch": 1,
  "best_precision": 0.04132231404958678,
  "best_precision_epoch": 3,
  "best_recall": 0.1,
  "best_recall_epoch": 1,
  "best_f1": 0.053475935828877004,
  "best_f1_epoch": 3
}