{
  "target_domain": "逆光",
  "repeat": 2,
  "seed": 1,
  "best_epoch_by_f1": 2,
  "best_f1_value": 0.1064957264957265,
  "best_epoch_metrics": {
    "acc": 0.16216216216216217,
    "precision": 0.11833333333333333,
    "recall": 0.1125,
    "f1": 0.1064957264957265,
    "loss": 2.3433109167459847
  },
  "best_acc": 0.21621621621621623,
  "best_acc_epoch": 1,
  "best_precision": 0.11833333333333333,
  "best_precision_epoch": 2,
  "best_recall": 0.175,
  "best_recall_epoch": 3,
  "best_f1": 0.1064957264957265,
  "best_f1_epoch": 2
}