{
  "target_domain": "雾天",
  "repeat": 2,
  "seed": 1,
  "best_epoch_by_f1": 1,
  "best_f1_value": 0.05546332165037201,
  "best_epoch_metrics": {
    "acc": 0.1893939393939394,
    "precision": 0.04170692431561997,
    "recall": 0.12698412698412698,
    "f1": 0.05546332165037201,
    "loss": 2.5678335392113887
  },
  "best_acc": 0.1893939393939394,
  "best_acc_epoch": 1,
  "best_precision": 0.04170692431561997,
  "best_precision_epoch": 1,
  "best_recall": 0.12698412698412698,
  "best_recall_epoch": 1,
  "best_f1": 0.05546332165037201,
  "best_f1_epoch": 1
}