{
  "target_domain": "雾天",
  "repeat": 1,
  "seed": 0,
  "best_epoch_by_f1": 3,
  "best_f1_value": 0.08308390022675738,
  "best_epoch_metrics": {
    "acc": 0.20454545454545456,
    "precision": 0.08330889028563447,
    "recall": 0.16626984126984126,
    "f1": 0.08308390022675738,
    "loss": 15.5100554263953
  },
  "best_acc": 0.20454545454545456,
  "best_acc_epoch": 3,
  "best_precision": 0.08330889028563447,
  "best_precision_epoch": 3,
  "best_recall": 0.16626984126984126,
  "best_recall_epoch": 3,
  "best_f1": 0.08308390022675738,
  "best_f1_epoch": 3
}