{
  "target_domain": "黑天",
  "repeat": 3,
  "seed": 2,
  "best_epoch_by_f1": 3,
  "best_f1_value": 0.10391758778855555,
  "best_epoch_metrics": {
    "acc": 0.175,
    "precision": 0.11450862570265556,
    "recall": 0.11753019707565163,
    "f1": 0.10391758778855555,
    "loss": 4.196992953618367
  },
  "best_acc": 0.3416666666666667,
  "best_acc_epoch": 9,
  "best_precision": 0.11450862570265556,
  "best_precision_epoch": 3,
  "best_recall": 0.125,
  "best_recall_epoch": 1,
  "best_f1": 0.10391758778855555,
  "best_f1_epoch": 3
}