{
  "target_domain": "逆光",
  "repeat": 3,
  "seed": 2,
  "best_epoch_by_f1": 3,
  "best_f1_value": 0.05824175824175824,
  "best_epoch_metrics": {
    "acc": 0.10810810810810811,
    "precision": 0.05694444444444444,
    "recall": 0.06666666666666667,
    "f1": 0.05824175824175824,
    "loss": 24.461339099987132
  },
  "best_acc": 0.16216216216216217,
  "best_acc_epoch": 1,
  "best_precision": 0.05694444444444444,
  "best_precision_epoch": 3,
  "best_recall": 0.1111111111111111,
  "best_recall_epoch": 6,
  "best_f1": 0.05824175824175824,
  "best_f1_epoch": 3
}